{"epoch/hate": 0.07919418811798096, "_timestamp": 1702095759.3384159, "_runtime": 22215.936284780502, "_step": 99, "_wandb": {"runtime": 22215}}