{"epoch/hate": 0.19352281093597412, "_timestamp": 1701914408.3711207, "_runtime": 14269.6977186203, "_step": 98}